Book_Name,Price,Rating
It's Only the Himalayas,45.17,Two
Full Moon over Noah’s Ark: An Odyssey to Mount Ararat and Beyond,49.43,Four
See America: A Celebration of Our National Parks & Treasured Sites,48.87,Three
Vagabonding: An Uncommon Guide to the Art of Long-Term World Travel,36.94,Two
Under the Tuscan Sun,37.33,Three
A Summer In Europe,44.34,Two
The Great Railway Bazaar,30.54,One
A Year in Provence (Provence #1),56.88,Four
The Road to Little Dribbling: Adventures of an American in Britain (Notes From a Small Island #2),23.21,One
Neither Here nor There: Travels in Europe,38.95,Three
"1,000 Places to See Before You Die",26.08,Five
Sharp Objects,47.82,Four
"In a Dark, Dark Wood",19.63,One
The Past Never Ends,56.5,Four
A Murder in Time,16.64,One
The Murder of Roger Ackroyd (Hercule Poirot #4),44.1,Four
The Last Mile (Amos Decker #2),54.21,Two
That Darkness (Gardiner and Renner #1),13.92,One
Tastes Like Fear (DI Marnie Rome #3),10.69,One
A Time of Torment (Charlie Parker #14),48.35,Five
A Study in Scarlet (Sherlock Holmes #1),16.73,Two
Poisonous (Max Revere Novels #3),26.8,Three
Murder at the 42nd Street Library (Raymond Ambler #1),54.36,Four
Most Wanted,35.28,Three
Hide Away (Eve Duncan #20),11.84,One
Boar Island (Anna Pigeon #19),59.48,Three
The Widow,27.26,Two
Playing with Fire,13.71,Three
What Happened on Beale Street (Secrets of the South Mysteries #2),25.37,Five
The Bachelor Girl's Guide to Murder (Herringford and Watts Mysteries #1),52.3,Five
Delivering the Truth (Quaker Midwife Mystery #1),20.89,Four
The Mysterious Affair at Styles (Hercule Poirot #1),24.8,Four
In the Woods (Dublin Murder Squad #1),38.38,Two
The Silkworm (Cormoran Strike #2),23.05,Five
The Exiled,43.45,Three
The Cuckoo's Calling (Cormoran Strike #1),19.21,One
Extreme Prey (Lucas Davenport #26),25.4,Three
Career of Evil (Cormoran Strike #3),24.72,Two
The No. 1 Ladies' Detective Agency (No. 1 Ladies' Detective Agency #1),57.7,Four
The Girl You Lost,12.29,Five
The Girl In The Ice (DCI Erika Foster #1),15.85,Three
Blood Defense (Samantha Brinkman #1),20.3,Three
1st to Die (Women's Murder Club #1),53.98,One
Tipping the Velvet,53.74,One
Forever and Forever: The Courtship of Henry Longfellow and Fanny Appleton,29.69,Three
A Flight of Arrows (The Pathfinders #2),55.53,Five
The House by the Lake,36.95,One
Mrs. Houdini,30.25,Five
The Marriage of Opposites,28.08,Four
Glory over Everything: Beyond The Kitchen House,45.84,Three
"Love, Lies and Spies",20.55,Two
A Paris Apartment,39.01,Four
Lilac Girls,17.28,Two
The Constant Princess (The Tudor Court #1),16.62,Three
The Invention of Wings,37.34,One
World Without End (The Pillars of the Earth #2),32.97,Four
The Passion of Dolssa,28.32,Five
Girl With a Pearl Earring,26.77,One
Voyager (Outlander #3),21.07,Five
The Red Tent,35.66,Five
The Last Painting of Sara de Vos,55.55,Two
The Guernsey Literary and Potato Peel Pie Society,49.53,One
Girl in the Blue Coat,46.83,Two
Between Shades of Gray,20.79,Five
While You Were Mine,41.32,Five
The Secret Healer,34.56,Three
Starlark,25.83,Three
Lost Among the Living,27.7,Four
A Spy's Devotion (The Regency Spies of London #1),16.97,Five
Scott Pilgrim's Precious Little Life (Scott Pilgrim #1),52.29,Five
Tsubasa: WoRLD CHRoNiCLE 2 (Tsubasa WoRLD CHRoNiCLE #2),16.28,One
This One Summer,19.49,Four
The Nameless City (The Nameless City #1),38.16,Four
"Saga, Volume 5 (Saga (Collected Editions) #5)",51.04,Two
"Rat Queens, Vol. 3: Demons (Rat Queens (Collected Editions) #11-15)",50.4,Three
"Princess Jellyfish 2-in-1 Omnibus, Vol. 01 (Princess Jellyfish 2-in-1 Omnibus #1)",13.61,Five
"Pop Gun War, Volume 1: Gift",18.97,One
Patience,10.16,Three
"Outcast, Vol. 1: A Darkness Surrounds Him (Outcast #1)",15.44,Four
orange: The Complete Collection 1 (orange: The Complete Collection #1),48.41,One
"Lumberjanes, Vol. 2: Friendship to the Max (Lumberjanes #5-8)",46.91,Two
"Lumberjanes, Vol. 1: Beware the Kitten Holy (Lumberjanes #1-4)",45.61,Three
Lumberjanes Vol. 3: A Terrible Plan (Lumberjanes #9-12),19.92,Two
"I Hate Fairyland, Vol. 1: Madly Ever After (I Hate Fairyland (Compilations) #1-5)",29.17,Two
I am a Hero Omnibus Volume 1,54.63,Three
"Giant Days, Vol. 2 (Giant Days #5-8)",22.11,Two
Danganronpa Volume 1,51.99,Four
"Codename Baboushka, Volume 1: The Conclave of Death",36.72,Four
Camp Midnight,17.08,Four
"Bitch Planet, Vol. 1: Extraordinary Machine (Bitch Planet (Collected Editions))",37.92,Two
The Shadow Hero (The Shadow Hero),33.14,One
"Fables, Vol. 1: Legends in Exile (Fables #1)",41.62,Four
Batman: The Long Halloween (Batman),36.5,Two
Batman: The Dark Knight Returns (Batman),15.38,Five
"Wonder Woman: Earth One, Volume One (Wonder Woman: Earth One #1)",37.34,Four
"We Are Robin, Vol. 1: The Vigilante Business (We Are Robin #1)",53.9,One
Through the Woods,25.38,Two
Superman Vol. 1: Before Truth (Superman by Gene Luen Yang #1),11.89,Five
"So Cute It Hurts!!, Vol. 6 (So Cute It Hurts!! #6)",35.43,Four
Robin War,47.82,Three
"Red Hood/Arsenal, Vol. 1: Open for Business (Red Hood/Arsenal #1)",25.48,Two
"Naruto (3-in-1 Edition), Vol. 14: Includes Vols. 40, 41 & 42 (Naruto: Omnibus #14)",38.39,Two
Lowriders to the Center of the Earth (Lowriders in Space #2),51.51,Two
El Deafo,57.62,Five
Batman: Europa,32.01,Two
Art Ops Vol. 1,48.8,Three
"Adulthood Is a Myth: A ""Sarah's Scribbles"" Collection",10.9,Two
"Fruits Basket, Vol. 9 (Fruits Basket #9)",33.95,Four
Roller Girl,14.1,Five
"Fruits Basket, Vol. 7 (Fruits Basket #7)",19.57,One
"Fruits Basket, Vol. 6 (Fruits Basket #6)",20.96,Four
"Death Note, Vol. 6: Give-and-Take (Death Note #6)",36.39,Three
"Fruits Basket, Vol. 5 (Fruits Basket #5)",16.33,One
"Death Note, Vol. 5: Whiteout (Death Note #5)",52.41,One
"The Demon Prince of Momochi House, Vol. 4 (The Demon Prince of Momochi House #4)",27.88,Two
"Fruits Basket, Vol. 4 (Fruits Basket #4)",50.44,Four
"The Wicked + The Divine, Vol. 3: Commercial Suicide (The Wicked + The Divine)",14.41,Three
"The Sandman, Vol. 3: Dream Country (The Sandman (volumes) #3)",55.55,Five
"Saga, Volume 3 (Saga (Collected Editions) #3)",21.57,Five
Prodigy: The Graphic Novel (Legend: The Graphic Novel #2),43.63,Three
Persepolis: The Story of a Childhood (Persepolis #1-2),39.13,One
Original Fake,31.45,Three
"Grayson, Vol 3: Nemesis (Grayson #3)",42.72,One
"Fruits Basket, Vol. 3 (Fruits Basket #3)",45.17,Two
"Black Butler, Vol. 1 (Black Butler #1)",49.31,One
Awkward,38.02,Two
"The Sandman, Vol. 2: The Doll's House (The Sandman (volumes) #2)",54.81,One
"Saga, Volume 2 (Saga (Collected Editions) #2)",11.75,Three
"Fruits Basket, Vol. 2 (Fruits Basket #2)",11.64,Five
"Y: The Last Man, Vol. 1: Unmanned (Y: The Last Man #1)",18.51,Four
"The Wicked + The Divine, Vol. 1: The Faust Act (The Wicked + The Divine)",36.52,Two
"The Sandman, Vol. 1: Preludes and Nocturnes (The Sandman (volumes) #1)",54.12,Three
The Complete Maus (Maus #1-2),10.64,Three
"Skip Beat!, Vol. 01 (Skip Beat! #1)",42.12,Three
"Saga, Volume 1 (Saga (Collected Editions) #1)",28.48,One
"Rat Queens, Vol. 1: Sass & Sorcery (Rat Queens (Collected Editions) #1-5)",46.96,Five
"Paper Girls, Vol. 1 (Paper Girls #1-5)",21.71,Four
"Ouran High School Host Club, Vol. 1 (Ouran High School Host Club #1)",29.87,Three
"Ms. Marvel, Vol. 1: No Normal (Ms. Marvel (2014-2015) #1)",39.39,Four
"Hawkeye, Vol. 1: My Life as a Weapon (Hawkeye #1)",45.24,Three
"Giant Days, Vol. 1 (Giant Days #1-4)",56.76,Four
"Fruits Basket, Vol. 1 (Fruits Basket #1)",40.28,Five
"Bleach, Vol. 1: Strawberry and the Soul Reapers (Bleach #1)",34.65,Five
"Ajin: Demi-Human, Volume 1 (Ajin: Demi-Human #1)",57.06,Four
The Secret Garden,15.08,Four
The Metamorphosis,28.58,One
The Pilgrim's Progress,50.26,Two
The Hound of the Baskervilles (Sherlock Holmes #5),14.82,Two
Little Women (Little Women #1),28.07,Four
Gone with the Wind,32.49,Three
Candide,58.63,Three
Animal Farm,57.22,Three
Wuthering Heights,17.73,Three
The Picture of Dorian Gray,29.7,Two
The Complete Stories and Poems (The Works of Edgar Allan Poe [Cameo Edition]),26.78,Four
Beowulf,38.35,Two
And Then There Were None,35.01,Two
The Story of Hong Gildong,43.19,Four
The Little Prince,45.42,Two
Sense and Sensibility,37.46,One
Of Mice and Men,47.11,Two
Emma,32.93,Two
Alice in Wonderland (Alice's Adventures in Wonderland #1),55.53,One
Sophie's World,15.94,Five
The Death of Humanity: and the Case for Life,58.11,Four
The Stranger,17.44,Four
Proofs of God: Classical Arguments from Tertullian to Barth,54.21,One
Kierkegaard: A Christian Missionary to Christians,47.13,One
"At The Existentialist Café: Freedom, Being, and apricot cocktails with: Jean-Paul Sartre, Simone de Beauvoir, Albert Camus, Martin Heidegger, Edmund Husserl, Karl Jaspers, Maurice Merleau-Ponty and others",29.93,Five
Critique of Pure Reason,20.75,One
"Run, Spot, Run: The Ethics of Keeping Pets",20.02,One
The Nicomachean Ethics,36.34,One
Meditations,25.89,Two
Beyond Good and Evil,43.38,One
Chase Me (Paris Nights #2),25.27,Five
Black Dust,34.53,Five
Her Backup Boyfriend (The Sorensen Family #1),33.97,One
First and First (Five Boroughs #3),15.97,Four
Fifty Shades Darker (Fifty Shades #2),21.96,One
The Wedding Dress,24.12,One
Suddenly in Love (Lake Haven #1),55.99,Two
Something More Than This,16.24,Four
Doing It Over (Most Likely To #1),35.61,Three
The Wedding Pact (The O'Malleys #2),32.61,Three
Hold Your Breath (Search and Rescue #1),28.82,One
Dirty (Dive Bar #1),40.83,Four
Take Me Home Tonight (Rock Star Romance #3),53.98,Three
Off the Hook (Fishing for Trouble #1),47.67,Three
A Gentleman's Position (Society of Gentlemen #3),14.75,Five
"Sit, Stay, Love",20.9,Three
A Girl's Guide to Moving On (New Beginnings #2),31.3,One
The Perfect Play (Play by Play #1),59.99,Three
Dark Lover (Black Dagger Brotherhood #1),12.87,One
Changing the Game (Play by Play #2),13.38,Three
A Walk to Remember,56.43,One
The Purest Hook (Second Circle Tattoos #3),12.25,One
The Obsession,45.43,One
Reservations for Two,11.1,Three
Best of My Love (Fool's Gold #20),27.41,Two
Where Lightning Strikes (Bleeding Stars #3),39.77,Three
This One Moment (Pushing Limits #1),48.71,One
"Rhythm, Chord & Malykhin",28.34,Two
My Perfect Mistake (Over the Top #1),38.92,Two
Listen to Me (Fusion #1),58.99,Three
Imperfect Harmony,34.74,Four
Fighting Fate (Fighting #6),39.24,Three
Deep Under (Walker Security #1),47.09,Five
Charity's Cross (Charles Towne Belles #4),41.24,One
Bounty (Colorado Mountain #7),37.26,Four
I Had a Nice Time And Other Lies...: How to find love & sh*t like that,57.36,Four
Will You Won't You Want Me?,13.86,Three
Keep Me Posted,20.46,Four
Grey (Fifty Shades #4),48.49,Four
Meternity,43.58,Three
Some Women,13.73,Five
Shopaholic Ties the Knot (Shopaholic #3),48.39,Five
Can You Keep a Secret?,21.94,One
Twenties Girl,42.8,Two
The Undomestic Goddess,45.75,Four
The Nanny Diaries (Nanny #1),52.53,Five
The Devil Wears Prada (The Devil Wears Prada #1),44.29,One
Something Borrowed (Darcy & Rachel #1),48.96,Five
Something Blue (Darcy & Rachel #2),54.62,One
I've Got Your Number,19.69,One
The Edge of Reason (Bridget Jones #2),19.18,Four
Bridget Jones's Diary (Bridget Jones #1),29.82,One
Soumission,50.1,One
Private Paris (Private #10),47.61,Five
"We Love You, Charlie Freeman",50.27,Five
Thirst,17.27,Five
The Murder That Never Was (Forensic Instincts #5),54.11,Three
Tuesday Nights in 1980,21.04,Two
The Vacationers,42.15,Four
The Regional Office Is Under Attack!,51.36,Five
Finders Keepers (Bill Hodges Trilogy #2),53.53,Five
The Time Keeper,27.88,Five
The Testament of Mary,52.67,Four
The First Hostage (J.B. Collins #2),25.85,Three
Take Me with You,45.21,Three
Still Life with Bread Crumbs,26.41,Three
Shtum,55.84,Four
My Name Is Lucy Barton,41.56,One
My Mrs. Brown,24.48,Three
Mr. Mercedes (Bill Hodges Trilogy #1),28.9,One
I Am Pilgrim (Pilgrim #1),10.6,Four
Eligible (The Austen Project #4),27.09,Three
Eight Hundred Grapes,14.39,Four
Dear Mr. Knightley,11.21,Five
Cometh the Hour (The Clifton Chronicles #6),25.01,Three
Balloon Animals,17.03,Three
A Man Called Ove,39.72,One
The Silent Sister (Riley MacPherson #1),46.29,Five
The Dinner Party,56.54,Two
The Improbability of Love,59.45,One
Mothering Sunday,13.34,Two
Lies and Other Acts of Love,45.14,One
Daredevils,16.34,Three
11/22/63,48.48,Three
The Shack,28.03,One
The High Mountains of Portugal,51.15,One
Miller's Valley,58.54,Two
Hystopia: A Novel,21.96,Four
The Bourne Identity (Jason Bourne #1),42.78,Four
Sister Dear,40.2,Four
Memoirs of a Geisha,49.67,Three
Me Before You (Me Before You #1),19.02,One
Deception Point,40.32,Four
The Little Paris Bookshop,24.73,Three
The Firm,45.56,Three
The Expatriates,44.58,Two
Siddhartha,34.22,Five
Last One Home (New Beginnings #1),59.98,Three
Digital Fortress,58.0,Five
Atlas Shrugged,26.58,Five
Three-Martini Lunch,23.21,Three
The Nightingale,26.26,Four
The Infinities,27.41,One
The Husband's Secret,52.51,Five
The Da Vinci Code (Robert Langdon #2),22.96,Two
The Art of Fielding,22.1,One
Lila (Gilead #3),12.47,Three
Jurassic Park (Jurassic Park #1),44.97,One
Inferno (Robert Langdon #4),41.0,Five
Crazy Rich Asians (Crazy Rich Asians #1),49.13,Five
Big Little Lies,22.11,One
The Course of Love,16.78,Three
When I'm Gone,51.96,Three
The Silent Wife,12.34,Five
The Bette Davis Club,30.66,Three
Kitchens of the Great Midwest,57.2,Five
Bright Lines,39.07,Five
Birdsong: A Story in Pictures,54.64,Three
The Bear and the Piano,36.89,One
The Secret of Dreadwillow Carse,56.13,One
The White Cat and the Monk: A Retelling of the Poem “Pangur Bán”,58.08,Four
Little Red,13.47,Three
Walt Disney's Alice in Wonderland,12.96,Five
Twenty Yawns,22.08,Two
Rain Fish,23.57,Three
Once Was a Time,18.28,Two
Luis Paints the World,53.95,Three
Nap-a-Roo,25.08,One
The Whale,35.96,Four
"Shrunken Treasures: Literary Classics, Short, Sweet, and Silly",52.87,Three
Raymie Nightingale,34.41,Two
Playing from the Heart,32.38,One
Maybe Something Beautiful: How Art Transformed a Neighborhood,22.54,One
The Wild Robot,56.07,Three
The Thing About Jellyfish,48.77,One
The Lonely Ones,43.59,Five
The Day the Crayons Came Home (Crayons),26.33,Five
The Cat in the Hat (Beginner Books B-1),16.26,Two
Red: The True Story of Red Riding Hood,28.54,Three
Horrible Bear!,37.52,Two
Green Eggs and Ham (Beginner Books B-16),10.79,Four
Counting Thyme,10.62,One
Are We There Yet?,10.66,Three
Diary of a Minecraft Zombie Book 1: A Scare of a Dare (An Unofficial Minecraft Book),52.88,Four
Matilda,28.34,One
Charlie and the Chocolate Factory (Charlie Bucket #1),22.85,Three
"Don't Be a Jerk: And Other Practical Advice from Dogen, Japan's Greatest Zen Master",37.97,Two
You Are What You Love: The Spiritual Power of Habit,21.87,Four
God: The Most Unpleasant Character in All Fiction,30.03,Five
The Book of Mormon,24.57,Three
"A History of God: The 4,000-Year Quest of Judaism, Christianity, and Islam",27.62,One
The Bhagavad Gita,57.49,Three
Choosing Our Religion: The Spiritual Lives of America's Nones,28.42,Four
Worlds Elsewhere: Journeys Around Shakespeare’s Globe,40.3,Five
The Five Love Languages: How to Express Heartfelt Commitment to Your Mate,31.05,Three
Reasons to Stay Alive,26.41,Two
#HigherSelfie: Wake Up Your Life. Free Your Soul. Find Your Tribe.,23.11,Five
"Unseen City: The Majesty of Pigeons, the Discreet Charm of Snails & Other Wonders of the Urban Wilderness",44.18,Four
Throwing Rocks at the Google Bus: How Growth Became the Enemy of Prosperity,31.12,Three
The Life-Changing Magic of Tidying Up: The Japanese Art of Decluttering and Organizing,16.77,Three
The Gutsy Girl: Escapades for Your Life of Epic Adventure,37.13,One
The Electric Pencil: Drawings from Inside State Hospital No. 3,56.06,One
Spark Joy: An Illustrated Master Class on the Art of Organizing and Tidying Up,41.83,Four
Reskilling America: Learning to Labor in the Twenty-First Century,19.83,Two
In the Country We Love: My Family Divided,22.0,Four
Everydata: The Misinformation Hidden in the Little Data You Consume Every Day,54.35,Two
Call the Nurse: True Stories of a Country Nurse on a Scottish Isle,29.14,Five
Algorithms to Live By: The Computer Science of Human Decisions,30.81,One
The Power of Now: A Guide to Spiritual Enlightenment,43.54,Two
The Omnivore's Dilemma: A Natural History of Four Meals,38.21,Two
The Genius of Birds,17.24,One
The Artist's Way: A Spiritual Path to Higher Creativity,38.49,Five
So You've Been Publicly Shamed,12.23,Two
"Daring Greatly: How the Courage to Be Vulnerable Transforms the Way We Live, Love, Parent, and Lead",19.43,Three
Big Magic: Creative Living Beyond Fear,30.8,Three
Becoming Wise: An Inquiry into the Mystery and Art of Living,27.43,Two
Agnostic: A Spirited Manifesto,12.51,Five
Whole Lotta Creativity Going On: 60 Fun and Unusual Exercises to Awaken and Strengthen Your Creativity,38.2,Four
What's It Like in Space?: Stories from Astronauts Who've Been There,19.6,Two
The Year of Magical Thinking,43.04,Two
The Literature Book (Big Ideas Simply Explained),17.43,Three
The Bad-Ass Librarians of Timbuktu: And Their Race to Save the World’s Most Precious Manuscripts,15.77,One
Swell: A Year of Waves,45.58,One
No Dream Is Too High: Life Lessons From a Man Who Walked on the Moon,21.95,Two
Looking for Lovely: Collecting the Moments that Matter,29.14,Five
Let It Out: A Journey Through Journaling,26.79,Five
Hamilton: The Revolution,58.79,Three
"Far & Away: Places on the Brink of Change: Seven Continents, Twenty-Five Years",15.06,Four
"Eaternity: More than 150 Deliciously Easy Vegan Recipes for a Long, Healthy, Satisfied, Joyful Life",51.75,Five
Buying In: The Secret Dialogue Between What We Buy and Who We Are,37.8,Four
Brain on Fire: My Month of Madness,49.32,Five
Abstract City,56.37,Five
13 Hours: The Inside Account of What Really Happened In Benghazi,27.06,One
The Lonely City: Adventures in the Art of Being Alone,33.26,Two
The Diary of a Young Girl,59.9,Three
Snatched: How A Drug Queen Went Undercover for the DEA and Was Kidnapped By Colombian Guerillas,21.21,Three
Furiously Happy: A Funny Book About Horrible Things,41.46,Four
"The Sleep Revolution: Transforming Your Life, One Night at a Time",11.68,Four
"Mother, Can You Not?",16.89,Five
A Mother's Reckoning: Living in the Aftermath of Tragedy,19.53,Three
"10% Happier: How I Tamed the Voice in My Head, Reduced Stress Without Losing My Edge, and Found Self-Help That Actually Works",24.57,Two
Chernobyl 01:23:40: The Incredible True Story of the World's Worst Nuclear Disaster,35.92,Two
"Zero to One: Notes on Startups, or How to Build the Future",34.06,Three
Why Not Me?,17.76,One
When Breath Becomes Air,39.36,Two
"The Midnight Assassin: Panic, Scandal, and the Hunt for America's First Serial Killer",28.45,Four
Smarter Faster Better: The Secrets of Being Productive in Life and Business,38.89,Five
Rising Strong,21.82,Three
Man's Search for Meaning,29.48,Three
"Love That Boy: What Two Presidents, Eight Road Trips, and My Son Taught Me About a Parent's Expectations",25.06,Two
Living Forward: A Proven Plan to Stop Drifting and Get the Life You Want,12.55,Three
I Will Find You,44.21,One
Brazen: The Courage to Find the You That's Been Hiding,19.22,Two
Between the World and Me,56.91,Four
Being Mortal: Medicine and What Matters in the End,55.06,Four
"A Murder Over a Girl: Justice, Gender, Junior High",13.2,Three
For the Love: Fighting for Grace in a World of Impossible Standards,45.13,Three
Finding God in the Ruins: How God Redeems Pain,46.64,Two
The Man Who Mistook His Wife for a Hat and Other Clinical Tales,59.45,Four
In Cold Blood,49.98,Four
"Girl, Interrupted",42.14,Three
Why Save the Bankers?: And Other Essays on Our Economic and Political Crisis,48.67,Two
Talking to Girls About Duran Duran: One Young Man's Quest for True Love and a Cooler Haircut,25.15,Four
My Mother Was Nuts,31.63,Four
"Data, A Love Story: How I Gamed Online Dating to Meet My Match",32.35,Three
The Jazz of Physics: The Secret Link Between Music and the Structure of the Universe,38.71,Three
The Gunning of America: Business and the Making of American Gun Culture,16.81,Four
The Geography of Bliss: One Grump's Search for the Happiest Places in the World,28.23,Two
God Is Not Great: How Religion Poisons Everything,27.8,One
We the People: The Modern-Day Figures Who Have Reshaped and Affirmed the Founding Fathers' Vision of America,31.95,Three
Very Good Lives: The Fringe Benefits of Failure and the Importance of Imagination,50.66,Three
"Unstuffed: Decluttering Your Home, Mind, and Soul",58.09,One
Under the Banner of Heaven: A Story of Violent Faith,30.0,One
"Trespassing Across America: One Man's Epic, Never-Done-Before (and Sort of Illegal) Hike Across the Heartland",53.51,One
The Name of God is Mercy,37.25,Two
Stiff: The Curious Lives of Human Cadavers,36.74,Three
Spilled Milk: Based on a True Story,49.51,One
"Rise of the Rocket Girls: The Women Who Propelled Us, from Missiles to the Moon to Mars",41.67,Four
Outliers: The Story of Success,14.16,One
Notes from a Small Island (Notes From a Small Island #1),40.17,One
Night (The Night Trilogy #1),13.51,One
"Miracles from Heaven: A Little Girl, Her Journey to Heaven, and Her Amazing Story of Healing",57.83,One
Letter to a Christian Nation,22.2,One
Let's Pretend This Never Happened: A Mostly True Memoir,45.11,One
It's Never Too Late to Begin Again: Discovering Creativity and Meaning at Midlife and Beyond,42.38,One
Into the Wild,56.7,Five
"In the Garden of Beasts: Love, Terror, and an American Family in Hitler's Berlin",28.85,Three
I Am Malala: The Girl Who Stood Up for Education and Was Shot by the Taliban,28.88,Two
Gratitude,26.66,Five
Disrupted: My Misadventure in the Start-Up Bubble,15.28,Five
Brave Enough,51.32,Five
"Born to Run: A Hidden Tribe, Superathletes, and the Greatest Race the World Has Never Seen",27.35,Two
Blink: The Power of Thinking Without Thinking,21.74,Five
Black Flags: The Rise of ISIS,40.87,One
Are We Smart Enough to Know How Smart Animals Are?,56.58,One
A Walk in the Woods: Rediscovering America on the Appalachian Trail,30.48,Four
"The Suffragettes (Little Black Classics, #96)",11.89,Two
Kindle Paperwhite User's Guide,34.0,Three
H is for Hawk,57.42,Five
Travels with Charley: In Search of America,57.82,Five
The Tumor,41.56,Five
The End of the Jesus Era (An Investigation #1),14.4,One
"Eat, Pray, Love",51.32,Three
Rip it Up and Start Again,35.02,Five
"Our Band Could Be Your Life: Scenes from the American Indie Underground, 1981-1991",57.25,Three
How Music Works,37.32,Two
Love Is a Mix Tape (Music #1),18.03,One
Please Kill Me: The Uncensored Oral History of Punk,31.19,Four
Kill 'Em and Leave: Searching for James Brown and the American Soul,45.05,Five
"Chronicles, Vol. 1",52.6,Two
This Is Your Brain on Music: The Science of a Human Obsession,38.4,One
"Orchestra of Exiles: The Story of Bronislaw Huberman, the Israel Philharmonic, and the One Thousand Jews He Saved from Nazi Horrors",12.36,Three
No One Here Gets Out Alive,20.02,Five
Life,31.58,Five
Old Records Never Die: One Man's Quest for His Vinyl and His Past,55.66,Two
Forever Rockers (The Rocker #12),28.8,Three
"The Coming Woman: A Novel Based on the Life of the Infamous Feminist, Victoria Woodhull",17.93,Three
The Boys in the Boat: Nine Americans and Their Epic Quest for Gold at the 1936 Berlin Olympics,22.6,Four
"Starving Hearts (Triangular Trade Trilogy, #1)",13.99,Two
America's Cradle of Quarterbacks: Western Pennsylvania's Football Factory from Johnny Unitas to Joe Montana,22.5,Three
Aladdin and His Wonderful Lamp,53.13,Three
Penny Maybe,33.29,Three
Maude (1883-1993):She Grew Up with the country,18.02,Two
"The Inefficiency Assassin: Time Management Tactics for Working Smarter, Not Longer",20.59,Five
Soul Reader,39.58,Two
Bossypants,49.46,Two
A World of Flavor: Your Gluten Free Passport,42.95,One
"A Piece of Sky, a Grain of Rice: A Memoir in Four Meditations",56.76,Five
Tracing Numbers on a Train,41.6,Three
Thirteen Reasons Why,52.72,One
The Secret (The Secret #1),27.37,Four
The Psychopath Test: A Journey Through the Madness Industry,36.0,Two
The Kite Runner,41.82,Four
The Girl on the Train,55.02,Two
The Emerald Mystery,23.15,Two
The Bridge to Consciousness: I'm Writing the Bridge Between Science and Our Old and New Beliefs.,32.0,Three
The Art of War,33.34,Five
Secrets and Lace (Fatal Hearts #1),20.27,One
Romero and Juliet: A Tragic Tale of Love and Zombies,36.94,One
Poses for Artists Volume 1 - Dynamic and Sitting Poses: An Essential Reference for Figure Drawing and the Human Form,41.06,One
Miss Peregrine’s Home for Peculiar Children (Miss Peregrine’s Peculiar Children #1),10.76,One
Large Print Heart of the Pride,19.15,Two
Grumbles,22.16,Two
First Steps for New Christians (Print Edition),29.0,One
Eureka Trivia 6.0,54.59,Four
Drive: The Surprising Truth About What Motivates Us,34.95,Four
Done Rubbed Out (Reightman & Bailey #1),37.72,Five
Beauty Restored (Riley Family Legacy Novellas #3),11.11,Two
Ayumi's Violin,15.48,Two
Anonymous,46.82,Four
Amy Meets the Saints and Sages,18.46,Three
Amatus,50.54,Five
V for Vendetta (V for Vendetta Complete),37.1,Four
"Unbroken: A World War II Story of Survival, Resilience, and Redemption",45.95,Two
The Wright Brothers,56.8,Four
The Songs of the Gods,44.48,Five
The Rosie Project (Don Tillman #1),54.04,One
The Power of Habit: Why We Do What We Do in Life and Business,16.88,Three
Steve Jobs,39.5,Five
Luckiest Girl Alive,49.83,Three
"Living Leadership by Insight: A Good Leader Achieves, a Great Leader Builds Monuments",46.91,Four
Lady Midnight (The Dark Artifices #1),16.28,Five
"Hush, Hush (Hush, Hush #1)",47.02,Three
Greek Mythic History,10.23,Five
Every Last Word,46.47,Three
Daily Fantasy Sports,36.58,One
Clockwork Angel (The Infernal Devices #1),44.14,One
City of Fallen Angels (The Mortal Instruments #4),11.23,Four
City of Bones (The Mortal Instruments #1),43.28,One
City of Ashes (The Mortal Instruments #2),47.27,One
"Carry On, Warrior: Thoughts on Life Unarmed",31.85,Three
Carrie,46.23,Two
Angels & Demons (Robert Langdon #1),51.48,Three
"The Three Searches, Meaning, and the Story",13.33,Three
Raspberry Pi Electronics Projects for the Evil Genius,49.67,Four
How to Speak Golf: An Illustrated Guide to Links Lingo,58.32,Five
Eleanor & Park,56.51,Five
Troublemaker: Surviving Hollywood and Scientology,48.39,Two
Adultery,20.88,Five
Unlimited Intuition Now,58.87,Four
Underlying Notes,11.82,Two
The New Brand You: Your New Image Makes the Sale for You,44.05,Five
The Flowers Lied,16.68,Two
"NaNo What Now? Finding your editing process, revising your NaNoWriMo book and building a writing career through publishing and beyond",10.41,Four
Modern Day Fables,47.44,Two
The Unlikely Pilgrimage of Harold Fry (Harold Fry #1),43.62,Five
The Martian (The Martian #1),41.39,Two
Left Behind (Left Behind #1),40.72,Two
John Vassos: Industrial Design for Modern Life,20.22,Four
I'll Give You the Sun,56.48,One
Heaven is for Real: A Little Boy's Astounding Story of His Trip to Heaven and Back,52.86,Two
Ender's Game (The Ender Quintet #1),43.64,One
Death by Leisure: A Cautionary Tale,37.51,Four
Wildlife of New York: A Five-Borough Coloring Book,22.14,Two
The Year of Living Biblically: One Man's Humble Quest to Follow the Bible as Literally as Possible,34.72,One
The Great Gatsby,36.05,Four
The Good Girl,49.03,Three
The 7 Habits of Highly Effective People: Powerful Lessons in Personal Change,33.17,Four
Steal Like an Artist: 10 Things Nobody Told You About Being Creative,20.9,Two
Life of Pi,13.22,Four
The Sound Of Love,57.84,Five
The Perks of Being a Wallflower,55.02,Three
The Makings of a Fatherless Child,31.58,Two
The Hobbit (Middle-Earth Universe),17.8,Five
The Fellowship of the Ring (The Lord of the Rings #1),10.27,Two
Ship Leaves Harbor: Essays on Travel by a Recovering Journeyman,30.6,Three
Musicophilia: Tales of Music and the Brain,46.58,One
What If?: Serious Scientific Answers to Absurd Hypothetical Questions,53.68,Four
The Fault in Our Stars,47.22,One
The Dream Thieves (The Raven Cycle #2),34.5,One
The 5th Wave (The 5th Wave #1),11.83,Two
Shiver (The Wolves of Mercy Falls #1),16.23,Five
Remember Me?,11.48,Three
If I Stay (If I Stay #1),38.13,Five
I Know Why the Caged Bird Sings (Maya Angelou's Autobiography #1),36.55,Two
Harry Potter and the Deathly Hallows (Harry Potter #7),23.32,One
Fool Me Once,16.96,One
Drama,38.7,Two
"Blue Lily, Lily Blue (The Raven Cycle #3)",34.13,Five
Alight (The Generations Trilogy #2),58.59,Four
Vogue Colors A to Z: A Fashion Coloring Book,52.35,Four
The Shining (The Shining #1),27.88,Three
The Hunger Games (The Hunger Games #1),29.85,Five
Outlander (Outlander #1),19.67,Five
Mockingjay (The Hunger Games #3),20.44,Four
Harry Potter and the Sorcerer's Stone (Harry Potter #1),13.9,Three
Confessions of a Shopaholic (Shopaholic #1),48.94,Two
Zero History (Blue Ant #3),34.77,One
World War Z: An Oral History of the Zombie War,21.8,One
Wild: From Lost to Found on the Pacific Crest Trail,46.02,Three
"Where'd You Go, Bernadette",18.13,One
Twilight (Twilight #1),41.93,Two
The Paris Wife,36.8,Three
The Maze Runner (The Maze Runner #1),20.93,One
The Lover's Dictionary,58.09,Two
The Goldfinch,43.58,Three
The Giver (The Giver Quartet #1),12.3,One
The Girl Who Played with Fire (Millennium Trilogy #2),22.14,Two
The Demon-Haunted World: Science as a Candle in the Dark,52.25,Four
The Book Thief,53.49,Two
The Autobiography of Malcolm X,23.43,Two
Shopaholic & Baby (Shopaholic #5),46.45,Two
Quiet: The Power of Introverts in a World That Can't Stop Talking,43.55,One
Packing for Mars: The Curious Science of Life in the Void,56.68,Two
Orange Is the New Black,24.61,Two
One for the Money (Stephanie Plum #1),32.87,Two
Morning Star (Red Rising #3),29.4,One
Life After Life,26.13,Two
"Lean In: Women, Work, and the Will to Lead",25.02,One
Is Everyone Hanging Out Without Me? (And Other Concerns),20.11,Three
Gone Girl,37.6,Five
Fellside,38.62,One
Eclipse (Twilight #3),18.74,One
Dracula,52.62,Three
Dead Wake: The Last Crossing of the Lusitania,39.24,Five
"David and Goliath: Underdogs, Misfits, and the Art of Battling Giants",17.81,One
Dark Places,23.9,Five
Breaking Dawn (Twilight #4),35.28,Five
Beautiful Creatures (Caster Chronicles #1),21.55,Five
A Visit from the Goon Squad,14.08,Five
The Zombie Room,19.69,Five
The Name of the Wind (The Kingkiller Chronicle #1),50.59,Three
Taking Shots (Assassins #1),18.88,Two
Shatter Me (Shatter Me #1),42.4,One
Paradise Lost (Paradise #1),24.96,One
On the Road (Duluoz Legend),32.36,Three
Jane Eyre,38.43,Five
Frankenstein,38.0,Two
Mesaerion: The Best Science Fiction Stories 1800-1849,37.59,One
Join,35.67,Five
"William Shakespeare's Star Wars: Verily, A New Hope (William Shakespeare's Star Wars #4)",43.3,Four
The Project,10.65,One
Soft Apocalypse,26.12,Two
Sleeping Giants (Themis Files #1),48.74,One
Arena,21.36,Four
Foundation (Foundation (Publication Order) #1),32.42,One
The Restaurant at the End of the Universe (Hitchhiker's Guide to the Galaxy #2),10.92,One
Ready Player One,19.07,Four
"Life, the Universe and Everything (Hitchhiker's Guide to the Galaxy #3)",33.26,Two
Dune (Dune #1),54.86,One
Do Androids Dream of Electric Sheep? (Blade Runner #1),51.48,One
Three Wishes (River of Time: California #1),44.18,Two
The Last Girl (The Dominion Trilogy #1),36.26,Two
Having the Barbarian's Baby (Ice Planet Barbarians #7.5),34.96,Four
The Book of Basketball: The NBA According to The Sports Guy,44.84,Five
"Friday Night Lights: A Town, a Team, and a Dream",51.22,Three
Sugar Rush (Offensive Line #2),24.42,One
Settling the Score (The Summer Games #1),44.91,Two
Icing (Aces Hockey #2),40.44,Four
The Torch Is Passed: A Harding Family Story,19.09,One
"The Mindfulness and Acceptance Workbook for Anxiety: A Guide to Breaking Free from Anxiety, Phobias, and Worry Using Acceptance and Commitment Therapy",23.89,Four
The Art Forger,40.76,Three
On a Midnight Clear,14.07,Three
Judo: Seven Steps to Black Belt (an Introductory Guide for Beginners),53.9,Two
"Shobu Samurai, Project Aryoku (#3)",29.06,Three
Modern Romance,28.26,Five
The White Queen (The Cousins' War #1),25.91,Five
The Song of Achilles,37.4,Five
The Immortal Life of Henrietta Lacks,40.67,Two
The Dovekeepers,48.78,One
More Than Music (Chasing the Dream #1),37.61,Two
Code Name Verity (Code Name Verity #1),22.13,Four
Cell,20.29,Four
Angels Walking (Angels Walking #1),34.2,Two
"A Series of Catastrophes and Miracles: A True Story of Love, Science, and Cancer",56.48,Two
A People's History of the United States,40.79,Two
A Brush of Wings (Angels Walking #3),55.51,One
Rook,37.86,Four
The Midnight Watch: A Novel of the Titanic and the Californian,26.2,One
The Gray Rhino: How to Recognize and Act on the Obvious Dangers We Ignore,59.15,Four
The Children,11.88,Three
One with You (Crossfire #5),15.71,Four
Without Shame,48.27,Five
Watchmen,58.05,Four
A Hero's Curse (The Unseen Chronicles #1),50.49,Three
23 Degrees South: A Tropical Tale of Changing Whether...,35.79,Two
The Glass Castle,16.24,One
The Drowning Girls,35.67,Three
Team of Rivals: The Political Genius of Abraham Lincoln,20.12,Five
John Adams,57.43,Four
Good in Bed (Cannie Shapiro #1),37.05,Five
The Joy of Cooking,43.27,Four
The Golden Compass (His Dark Materials #1),18.77,One
The God Delusion,46.85,Three
Pride and Prejudice,19.27,Four
Mere Christianity,48.51,Three
Fun Home: A Family Tragicomic,56.59,Four
The Raven King (The Raven Cycle #4),30.57,Two
Find Her (Detective D.D. Warren #8),22.37,One
Evicted: Poverty and Profit in the American City,42.27,One
A Game of Thrones (A Song of Ice and Fire #1),46.42,Two
A Clash of Kings (A Song of Ice and Fire #2),10.79,Three
The Tipping Point: How Little Things Can Make a Big Difference,10.02,Two
The Rest Is Noise: Listening to the Twentieth Century,34.77,One
The Purpose Driven Life: What on Earth Am I Here for?,37.19,Three
The Hitchhiker's Guide to the Galaxy (Hitchhiker's Guide to the Galaxy #1),47.8,Three
The Girl Who Kicked the Hornet's Nest (Millennium Trilogy #3),57.48,One
"The End of Faith: Religion, Terror, and the Future of Reason",22.13,Four
The Complete Poems,41.32,Five
The Catcher in the Rye,24.55,One
The Case for Christ (Cases for Christianity),47.84,One
The Blind Side: Evolution of a Game,53.71,Five
Seven Days in the Art World,52.33,Two
Sarah's Key,46.29,One
Rogue Lawyer (Rogue Lawyer #1),50.11,Three
Manuscript Found in Accra,34.98,Two
Fire Bound (Sea Haven/Sisters of the Heart #5),21.28,Four
Cosmos,36.17,Two
#GIRLBOSS,50.96,One
The Sense of an Ending,31.38,Three
The Republic,33.78,Three
The Odyssey,29.64,Three
The Light of the Fireflies,54.43,One
The Iliad,16.16,One
The Communist Manifesto,14.76,Three
Lord of the Flies,24.89,Three
Unicorn Tracks,18.78,Three
"Saga, Volume 6 (Saga (Collected Editions) #6)",25.02,Three
Princess Between Worlds (Wide-Awake Princess #5),13.34,Five
Masks and Shadows,56.4,Two
Crown of Midnight (Throne of Glass #2),43.29,Three
"Avatar: The Last Airbender: Smoke and Shadow, Part 3 (Smoke and Shadow #3)",28.09,Two
A Court of Thorns and Roses (A Court of Thorns and Roses #1),52.37,One
Throne of Glass (Throne of Glass #1),35.07,Three
The Glittering Court (The Glittering Court #1),44.28,One
Hollow City (Miss Peregrine’s Peculiar Children #2),42.98,One
The Star-Touched Queen,46.02,Five
The Hidden Oracle (The Trials of Apollo #1),52.26,Two
The Bane Chronicles (The Bane Chronicles #1-11),44.73,Four
Island of Dragons (Unwanteds #7),29.65,One
Demigods & Magicians: Percy and Annabeth Meet the Kanes (Percy Jackson & Kane Chronicles Crossover #1-3),37.51,Five
City of Glass (The Mortal Instruments #3),56.02,Four
Searching for Meaning in Gailana,38.73,One
The Star-Touched Queen,32.3,Five
A Shard of Ice (The Black Symphony Saga #1),56.63,Three
King's Folly (The Kinsman Chronicles #1),39.61,Five
Every Heart a Doorway (Every Heart A Doorway #1),12.16,Five
A Gathering of Shadows (Shades of Magic #2),44.81,Four
The Raven Boys (The Raven Cycle #1),57.74,Four
The False Prince (The Ascendance Trilogy #1),56.0,Five
Tell the Wind and Fire,45.51,Three
A Feast for Crows (A Song of Ice and Fire #4),17.21,Four
The Demonists (Demonist #1),52.11,Two
The Beast (Black Dagger Brotherhood #14),46.08,Five
Paper and Fire (The Great Library #2),49.45,Five
Harry Potter and the Order of the Phoenix (Harry Potter #5),31.63,Four
Harry Potter and the Half-Blood Prince (Harry Potter #6),48.75,Five
Harry Potter and the Chamber of Secrets (Harry Potter #2),14.74,One
The Rose & the Dagger (The Wrath and the Dawn #2),58.64,Four
Soldier (Talon #3),24.72,Two
Midnight Riot (Peter Grant/ Rivers of London - books #1),55.46,Two
Heir to the Sky,44.07,Four
Eragon (The Inheritance Cycle #1),43.87,Three
Darkfever (Fever #1),56.02,One
Ash,22.06,Four
A Storm of Swords (A Song of Ice and Fire #3),31.22,Two
Vampire Girl (Vampire Girl #1),53.82,Two
The Silent Twin (Detective Jennifer Knight #3),36.25,Three
The Mirror & the Maze (The Wrath and the Dawn #1.5),29.38,One
Sister Sable (The Mad Queen #1),13.33,Three
Shadow Rites (Jane Yellowrock #10),21.72,Four
Origins (Alphas 0.5),28.99,One
One Second (Seven #7),52.94,Two
Myriad (Prentor #1),58.75,Four
Without Borders (Wanderlove #1),45.07,Two
The Mistake (Off-Campus #2),43.29,Three
The Matchmaker's Playbook (Wingmen Inc. #1),55.85,One
The Hook Up (Game On #1),36.29,Five
Shameless,58.35,Three
Off Sides (Off #1),39.45,Five
The Requiem Red,22.65,One
Set Me Free,17.46,Five
The Natural History of Us (The Fine Art of Pretending #2),45.22,Three
Obsidian (Lux #1),14.86,Two
Burning,28.81,Three
A Fierce and Subtle Poison,28.13,Four
Scarlett Epstein Hates It Here,43.55,Five
"Nightingale, Sing",38.28,One
Library of Souls (Miss Peregrine’s Peculiar Children #3),48.56,Five
Frostbite (Vampire Academy #2),29.99,Five
Wild Swans,14.36,Two
Until Friday Night (The Field Party #1),46.31,Two
This Is Where It Ends,27.12,Two
The Darkest Lie,35.35,Five
My Kind of Crazy,40.36,One
Don't Get Caught,55.35,One
Catching Jordan (Hundred Oaks),50.83,Three
Aristotle and Dante Discover the Secrets of the Universe (Aristotle and Dante Discover the Secrets of the Universe #1),58.14,Four
The Epidemic (The Program 0.6),14.44,Five
Stars Above (The Lunar Chronicles #4.5),48.05,Two
No Love Allowed (Dodge Cove #1),54.65,Four
"Exit, Pursued by a Bear",51.34,Four
The Alien Club,54.4,One
Don't Forget Steven,33.23,One
South of Sunshine,28.93,One
My Life Next Door (My Life Next Door ),36.39,Five
Future Shock (Future Shock #1),55.65,Five
Nightstruck: A Novel,50.35,Four
Tell the Wolves I'm Home,50.96,Two
"Will Grayson, Will Grayson (Will Grayson, Will Grayson)",47.31,Four
Where She Went (If I Stay #2),41.73,Four
Two Summers,14.64,One
The Darkest Corners,11.33,Five
Tell Me Three Things,41.81,One
Lola and the Boy Next Door (Anna and the French Kiss #2),23.63,Four
Kill the Boy Band,15.52,Five
Isla and the Happily Ever After (Anna and the French Kiss #3),48.13,Five
An Abundance of Katherines,10.0,Five
Harry Potter and the Prisoner of Azkaban (Harry Potter #3),24.17,Four
Walk the Edge (Thunder Road #2),32.36,Three
Two Boys Kissing,32.74,Two
The New Guy (and Other Senior Year Distractions),44.92,Three
"The Land of 10,000 Madonnas",29.64,Four
Scarlet (The Lunar Chronicles #2),14.57,Four
Legend (Legend #1),43.69,Four
Lady Renegades (Rebel Belle #3),53.04,Five
Golden (Heart of Dread #3),42.21,Four
Cinder (The Lunar Chronicles #1),26.09,One
Boy Meets Boy,21.12,Three
Annie on My Mind,36.83,Five
New Moon (Twilight #2),12.86,Four
Girl Online On Tour (Girl Online #2),53.47,One
The Haters,27.89,Five
The Art of Not Breathing,40.83,Four
The Most Perfect Thing: Inside (and Outside) a Bird's Egg,42.96,Four
Immunity: How Elie Metchnikoff Changed the Course of Modern Medicine,57.36,Five
Sorting the Beef from the Bull: The Science of Food Fraud Forensics,44.74,Four
Tipping Point for Planet Earth: How Close Are We to the Edge?,37.55,One
"The Fabric of the Cosmos: Space, Time, and the Texture of Reality",55.91,One
Diary of a Citizen Scientist: Chasing Tiger Beetles and Other New Ways of Engaging the World,28.41,One
The Origin of Species,10.01,Four
The Grand Design,13.76,Three
Peak: Secrets from the New Science of Expertise,16.28,Two
"The Elegant Universe: Superstrings, Hidden Dimensions, and the Quest for the Ultimate Theory",13.03,Four
"The Disappearing Spoon: And Other True Tales of Madness, Love, and the History of the World from the Periodic Table of the Elements",57.35,Five
"Surely You're Joking, Mr. Feynman!: Adventures of a Curious Character",25.83,Two
Seven Brief Lessons on Physics,30.6,Four
The Selfish Gene,29.45,One
A Light in the Attic,51.77,Three
The Black Maria,52.15,One
Shakespeare's Sonnets,20.66,Four
Olio,23.88,One
You can't bury them all: Poems,33.63,Two
Slow States of Collapse: Poems,57.31,Three
Untitled Collection: Sabbath Poems 2014,14.27,Four
Poems That Make Grown Women Cry,14.19,Four
Night Sky with Exit Wounds,41.05,One
salt.,46.78,Four
"Quarter Life Poetry: Poems for the Young, Broke and Hangry",50.89,Five
Out of Print: City Lights Spotlight No. 14,53.64,Five
Les Fleurs du Mal,29.04,Five
Howl and Other Poems,40.45,Two
Leave This Song Behind: Teen Poetry at Its Best,51.17,Five
The Collected Poems of W.B. Yeats (The Collected Works of W.B. Yeats #1),15.42,Five
The Crossover,38.77,Four
Booked,17.49,Five
Twenty Love Poems and a Song of Despair,30.95,Four
"Vampire Knight, Vol. 1 (Vampire Knight #1)",15.4,One
Wall and Piece,44.18,Four
Feathers: Displays of Brilliant Plumage,49.05,Three
Art and Fear: Observations on the Perils (and Rewards) of Artmaking,48.63,Four
The New Drawing on the Right Side of the Brain,43.02,Three
History of Beauty,10.29,Four
The Story of Art,41.14,Four
The Art Book,32.34,Two
Ways of Seeing,39.51,Five
The Lucifer Effect: Understanding How Good People Turn Evil,10.4,One
The Golden Condom: And Other Essays on Love Lost and Found,39.43,One
It Didn't Start with You: How Inherited Family Trauma Shapes Who We Are and How to End the Cycle,56.27,Three
An Unquiet Mind: A Memoir of Moods and Madness,21.3,Three
"Thinking, Fast and Slow",21.14,One
Civilization and Its Discontents,59.95,Two
8 Keys to Mental Health Through Exercise,31.04,One
The Argonauts,10.93,Two
M Train,27.18,One
Lab Girl,40.85,One
Approval Junkie: Adventures in Caring Too Much,58.81,Five
Running with Scissors,12.91,Four
Me Talk Pretty One Day,57.6,Two
Lust & Wonder,11.87,Two
Life Without a Recipe,59.04,Five
A Heartbreaking Work of Staggering Genius,54.29,Five
Catastrophic Happiness: Finding Joy in Childhood's Messy Years,37.35,Two
Fifty Shades Freed (Fifty Shades #3),15.36,Five
The Long Haul (Diary of a Wimpy Kid #9),44.07,One
Old School (Diary of a Wimpy Kid #10),11.83,Five
I Know What I'm Doing -- and Other Lies I Tell Myself: Dispatches from a Life Under Construction,25.98,Four
"Hyperbole and a Half: Unfortunate Situations, Flawed Coping Mechanisms, Mayhem, and Other Things That Happened",14.75,Five
Dress Your Family in Corduroy and Denim,43.68,Three
Toddlers Are A**holes: It's Not Your Fault,25.55,One
When You Are Engulfed in Flames,30.89,Five
Naked,31.69,Three
"Lamb: The Gospel According to Biff, Christ's Childhood Pal",55.5,Five
Holidays on Ice,51.07,Two
Security,39.25,Two
Follow You Home,21.36,One
The Loney,23.4,One
Pet Sematary,10.56,Three
Doctor Sleep (The Shining #2),40.12,Two
Psycho: Sanitarium (Psycho #1.5),36.97,Five
Can You Keep a Secret? (Fear Street Relaunch #4),48.64,One
Red Dragon (Hannibal Lecter #1),23.37,Three
Dracula the Un-Dead,35.63,Five
Night Shift (Night Shift #1-20),12.75,Four
Needful Things,47.51,Four
Misery,34.79,Two
It,25.01,Three
'Salem's Lot,49.56,Four
The Stand,57.86,Two
The Girl with All the Gifts,49.47,Three
House of Leaves,54.89,One
Sapiens: A Brief History of Humankind,54.23,Five
"Unbound: How Eight Technologies Made Us Human, Transformed Society, and Brought Our World to the Brink",25.52,One
The Age of Genius: The Seventeenth Century and the Birth of the Modern Mind,19.73,One
"Political Suicide: Missteps, Peccadilloes, Bad Calls, Backroom Hijinx, Sordid Pasts, Rotten Breaks, and Just Plain Dumb Mistakes in the Annals of American Politics",36.28,Two
Thomas Jefferson and the Tripoli Pirates: The Forgotten War That Changed American History,59.64,One
Zealot: The Life and Times of Jesus of Nazareth,24.7,Three
A Distant Mirror: The Calamitous 14th Century,14.58,Three
1491: New Revelations of the Americas Before Columbus,21.8,Three
Brilliant Beacons: A History of the American Lighthouse,11.45,Three
"""Most Blessed of the Patriarchs"": Thomas Jefferson and the Empire of the Imagination",44.48,Five
A Short History of Nearly Everything,52.4,Five
The Rise and Fall of the Third Reich: A History of Nazi Germany,39.67,Two
Catherine the Great: Portrait of a Woman,58.55,Four
The Mathews Men: Seven Brothers and the War Against Hitler's U-boats,42.91,Five
The Hiding Place,55.91,Four
America's War for the Greater Middle East: A Military History,51.22,Two
The Guns of August,14.54,Two
"House of Lost Worlds: Dinosaurs, Dynasties, and the Story of Life on Earth",43.7,Two
"Foolproof Preserving: A Guide to Small Batch Jams, Jellies, Pickles, Condiments, and More: A Foolproof Guide to Making Small Batch Jams, Jellies, Pickles, Condiments, and More",30.52,Three
"The Pioneer Woman Cooks: Dinnertime: Comfort Classics, Freezer Food, 16-Minute Meals, and Other Delicious Ways to Solve Supper!",56.41,One
My Paris Kitchen: Recipes and Stories,33.37,Two
"Mama Tried: Traditional Italian Cooking for the Screwed, Crude, Vegan, and Tattooed",14.02,Four
"Layered: Baking, Building, and Styling Spectacular Cakes",40.11,One
The Nerdy Nummies Cookbook: Sweet Treats for the Geek in All of Us,37.34,Five
The Love and Lemons Cookbook: An Apple-to-Zucchini Celebration of Impromptu Cooking,37.6,Two
The Cookies & Cups Cookbook: 125+ sweet & savory recipes reminding you to Always Eat Dessert First,41.25,One
"Deliciously Ella Every Day: Quick and Easy Recipes for Gluten-Free Snacks, Packed Lunches, and Simple Meals",42.16,Three
The Help Yourself Cookbook for Kids: 60 Easy Plant-Based Recipes Kids Can Make to Stay Healthy and Save the Earth,28.77,Three
"It's All Easy: Healthy, Delicious Weeknight Meals in under 30 Minutes",19.55,One
Barefoot Contessa Back to Basics,28.01,One
Barefoot Contessa at Home: Everyday Recipes You'll Make Over and Over Again,50.62,Five
My Kitchen Year: 136 Recipes That Saved My Life,11.53,Two
Everyday Italian: 125 Simple and Delicious Recipes,20.1,Five
"A la Mode: 120 Recipes in 60 Pairings: Pies, Tarts, Cakes, Crisps, and More Topped with Ice Cream, Gelato, Frozen Custard, and More",38.77,One
Cravings: Recipes for What You Want to Eat,20.5,Three
"The Moosewood Cookbook: Recipes from Moosewood Restaurant, Ithaca, New York",12.34,Four
32 Yolks,53.63,Two
"Naturally Lean: 125 Nourishing Gluten-Free, Plant-Based Recipes--All Under 300 Calories",11.38,Five
How to Cook Everything Vegetarian: Simple Meatless Recipes for Great Food (How to Cook Everything),46.01,Four
How to Be a Domestic Goddess: Baking and the Art of Comfort Cooking,28.25,Two
The Barefoot Contessa Cookbook,59.92,Five
Better Homes and Gardens New Cook Book,39.61,Three
The Power Greens Cookbook: 140 Delicious Superfood Recipes,11.05,Five
Mexican Today: New and Rediscovered Recipes for Contemporary Kitchens,24.91,Five
Vegan Vegetarian Omnivore: Dinner for Everyone at the Table,13.66,Two
The Smitten Kitchen Cookbook,23.59,One
"The Art of Simple Food: Notes, Lessons, and Recipes from a Delicious Revolution",34.32,Three
Hungry Girl Clean & Hungry: Easy All-Natural Recipes for Healthy Eating in the Real World,33.14,Three
Redeeming Love,20.47,Five
Close to You,49.46,Four
Shadows of the Past (Logan Point #1),39.67,Five
Like Never Before (Walker Family #2),28.77,Two
Counted With the Stars (Out from Egypt #1),17.97,Five
If I Run (If I Run #1),49.97,Four
The Dirty Little Secrets of Getting Your Dream Job,33.34,Four
The Third Wave: An Entrepreneur’s Vision of the Future,12.61,Five
The 10% Entrepreneur: Live Your Startup Dream Without Quitting Your Day Job,27.55,Three
Shoe Dog: A Memoir by the Creator of NIKE,23.99,Two
Made to Stick: Why Some Ideas Survive and Others Die,38.85,Five
Quench Your Own Thirst: Business Lessons Learned Over a Beer or Two,43.14,One
The Art of Startup Fundraising,21.0,Three
Born for This: How to Find the Work You Were Meant to Do,21.59,Five
The E-Myth Revisited: Why Most Small Businesses Don't Work and What to Do About It,36.91,One
"Rich Dad, Poor Dad",51.74,One
The Lean Startup: How Today's Entrepreneurs Use Continuous Innovation to Create Radically Successful Businesses,33.92,Three
Rework,44.88,Two
Louisa: The Extraordinary Life of Mrs. Adams,16.85,Two
"Setting the World on Fire: The Brief, Astonishing Life of St. Catherine of Siena",21.15,Two
The Faith of Christopher Hitchens: The Restless Soul of the World's Most Notorious Atheist,39.55,One
Benjamin Franklin: An American Life,48.19,Three
The Rise of Theodore Roosevelt (Theodore Roosevelt #1),42.57,Three
In Her Wake,12.84,One
The Elephant Tree,23.82,Five
Behind Closed Doors,52.22,Four
You (You #1),43.61,Five
The Guilty (Will Robie #4),13.82,Two
The 14th Colony (Cotton Malone #11),39.24,One
Give It Back,18.32,Two
Killing Floor (Jack Reacher #1),31.49,Four
The Bone Hunters (Lexy Vaughan & Steven Macaulay #2),59.71,Three
Far From True (Promise Falls Trilogy #2),34.93,Two
The Travelers,15.77,One
When We Collided,31.77,One
Someone Like You (The Harrisons #2),52.79,Five
We Are All Completely Beside Ourselves,24.04,One
The Four Agreements: A Practical Guide to Personal Freedom,17.66,Five
The Activist's Tao Te Ching: Ancient Advice for a Modern Revolution,32.24,Five
Chasing Heaven: What Dying Taught Me About Living,37.8,Two
If I Gave You God's Phone Number....: Searching for Spirituality in America,20.91,One
Unreasonable Hope: Finding Faith in the God Who Brings Purpose to Your Pain,46.33,Two
A New Earth: Awakening to Your Life's Purpose,55.65,Five
Logan Kade (Fallen Crest High #5.5),13.12,Two
Online Marketing for Busy Authors: A Step-By-Step Guide,46.35,One
How to Be Miserable: 40 Strategies You Already Use,46.03,One
"Overload: How to Unplug, Unwind, and Unleash Yourself from the Pressure of Stress",52.15,Three
You Are a Badass: How to Stop Doubting Your Greatness and Start Living an Awesome Life,12.08,Three
How to Stop Worrying and Start Living,46.49,Five
All the Light We Cannot See,29.87,Five
The Girl You Left Behind (The Girl You Left Behind #1),15.79,One
(Un)Qualified: How God Uses Broken People to Do Big Things,54.0,Five
Crazy Love: Overwhelmed by a Relentless God,47.72,Two
Blue Like Jazz: Nonreligious Thoughts on Christian Spirituality,25.77,One
Silence in the Dark (Logan Point #4),58.33,Three
The Grownup,35.88,One
Suzie Snowflake: One beautiful flake (a self-esteem story),54.81,Five
"The Bulletproof Diet: Lose up to a Pound a Day, Reclaim Energy and Focus, Upgrade Your Life",49.05,Three
"Eat Fat, Get Thin",54.07,Two
10-Day Green Smoothie Cleanse: Lose Up to 15 Pounds in 10 Days!,49.71,Five
The Art and Science of Low Carbohydrate Living,52.98,Five
Libertarianism for Beginners,51.33,Two
Why the Right Went Wrong: Conservatism--From Goldwater to the Tea Party and Beyond,52.65,Four
Equal Is Unfair: America's Misguided Fight Against Income Inequality,56.86,One
Amid the Chaos,36.58,One
Dark Notes,19.19,Five
The Long Shadow of Small Ghosts: Murder and Memory in an American City,10.97,One
